19,50 shades of graylands
7,balcatta bandits
71,balingup bruisers
65,bayslaughter house 5
42,bayswater barracudas
3,bayswater croquet club
16,bedford rave lords
76,bicton banter lords
100,bicton four 'n twenty
37,black wall reach arounds
89,booragoonbagz
97,burswood 6100s
24,canning bridge trolls
0,churchlands hellraisers
26,city beach kooks
23,claremont cereal killahs
25,como at me bro
2,como mo co
62,dalkeith dalqueefs
74,dalkeith urban's
53,dianella demons
54,dog swamp swamp dogs
17,doubleview double yewws
102,east freo bae blades
92,fremantle metropolis double blacks
43,freo dirty dog beachers
5,gmla angels
60,gmla guardians
93,gmla jurassic pucks
78,get bentley
39,greenmount doom
82,heathcote hangers
27,high gates
101,hillarys humpbacks
57,how much wood would a parkwood park if a parkwood could park wood
30,hungry spot heroes
88,hyde park hacks
81,inglewood coldcuts
52,innaloominati
77,jason alexander heights
38,k-town cooks
103,kalamunda hillbillies
35,karrakatta grim jobs
28,kensington kermits
4,labia menora explorers
51,lake mongrels
18,leeming chin
73,manning manchilds
79,marmion mighty drunks
31,maylands muthapuckas
86,mindarie molotovs
59,mindarie molotovs
20,morley puck troopers
21,morning brentwood
6,mosman mooseknuckles
91,mount hawt'n'horny
61,mount lawless
14,mt pleasant mounties
8,mullaloozers
98,murray street tramps
44,mörley crüe
75,nedlands flanders
41,north beach bearded clams
32,north perth bald beavers
94,northbridge mdm8's
36,northbridge mdm8's
58,ocean beef
34,palmyra puck patrol
9,patrick bateman
49,perth city puck pirates
29,perth glory holes
33,riverton regretzkys
64,rocko rodents
95,rocko's modern rollers
66,roleystone henges
10,rollerburger leedervillains
46,rottnest holy quokkamoles
70,salter point pint sucklers
48,scarbara kadabra
87,scarborough scar bros
67,shannon nollamaras
15,south perth major blazers
99,south perth sam's green eggs and ham
40,south perth shakas
90,st james addictions
69,stirling archers
104,stirling from the bottom now we're here
63,stirling from the bottom now we're here
47,stoneville sloths
84,subiaco silkworms
22,swan view draught
55,swanbourne nudists
56,swanbourne sand people
11,the swanbourne identity
1,u.s.s.r
105,vic park vanguards
13,wembley blue light discos
96,wembley food courts
50,west stirling banjo breakers
72,westeros perth r'hllors
83,whitfords city turbo tuggers
80,wilson castaways
45,yokine drugs n' crime
12,yokine reservoir dogs
85,you used to como on my cell phone
68,you used to como on my cell phone
