,IsDraw,Winteam,Lossteam,gameplayed
0,False,Churchlands Hellraisers,GMLA Guardians,1.0
1,False,U.S.S.R,Stirling From the Bottom Now We're Here,1.0
2,True,Como Mo Co,Bicton Banter Lords,1.0
3,True,Bayswater Croquet Club,Salter Point Pint Sucklers,1.0
4,False,Labia Menora Explorers,Jason Alexander Heights,1.0
5,False,GMLA Angels,Bayslaughter House 5,1.0
6,False,Mosman Mooseknuckles,Burswood 6100s,1.0
7,False,Balcatta Bandits,Mount Lawless,1.0
8,False,Mullaloozers,Marmion Mighty Drunks,1.0
9,False,Patrick Bateman,Ocean Beef,1.0
10,False,Rollerburger Leedervillains,Whitfords City Turbo Tuggers,1.0
11,False,The Swanbourne Identity,Swanbourne Nudists,1.0
12,False,Yokine Reservoir Dogs,Vic Park Vanguards,1.0
13,False,Wembley Blue Light Discos,Westeros Perth R'hllors,1.0
14,False,Mt Pleasant Mounties,Wembley Food Courts,1.0
15,False,South Perth Major Blazers,Wilson Castaways,1.0
16,False,Bedford Rave Lords,Stirling Archers,1.0
17,False,Doubleview Double Yewws,Hillarys Humpbacks,1.0
18,False,Leeming Chin,East Freo Bae Blades,1.0
19,False,50 Shades of Graylands,Nedlands Flanders,1.0
20,False,Morley Puck Troopers,Manning Manchilds,1.0
21,False,Morning Brentwood,Mindarie molotovs,1.0
22,False,Swan View Draught,St James Addictions,1.0
23,False,Claremont Cereal Killahs,Dog Swamp Swamp Dogs,1.0
24,False,Canning Bridge Trolls,GMLA Jurassic Pucks,1.0
25,False,Como At Me Bro,Booragoonbagz,1.0
26,True,City Beach Kooks,Dalkeith Dalqueefs,1.0
27,False,High Gates,Lake Mongrels,1.0
28,False,Kensington Kermits,Rocko Rodents,1.0
29,True,Perth Glory Holes,Scarborough Scar Bros,1.0
30,False,Hungry Spot Heroes,Inglewood Coldcuts,1.0
31,False,Maylands Muthapuckas,Innaloominati,1.0
32,False,North Perth Bald Beavers,Murray Street Tramps,1.0
33,False,Riverton Regretzkys,Roleystone Henges,1.0
34,False,Palmyra Puck Patrol,Get Bentley,1.0
35,False,Karrakatta Grim Jobs,Dianella Demons,1.0
36,False,Northbridge MDM8's,Bicton Four 'n Twenty,1.0
37,False,Black Wall Reach Arounds,Heathcote Hangers,1.0
38,False,K-Town Cooks,How Much Wood Would A Parkwood Park If A Parkwood Could Park Wood,1.0
39,False,Greenmount Doom,Hyde Park Hacks,1.0
40,False,South Perth Shakas,Subiaco Silkworms,1.0
41,False,North Beach Bearded Clams,Balingup Bruisers,1.0
42,False,Bayswater Barracudas,Shannon Nollamaras,1.0
43,False,Freo Dirty Dog Beachers,Fremantle Metropolis Double Blacks,1.0
44,False,Mörley Crüe,You Used to Como on my Cell Phone,1.0
45,False,Yokine Drugs n' Crime,Mount Hawt'n'horny,1.0
46,False,Rottnest Holy Quokkamoles,Dalkeith Urban's,1.0
47,False,Stoneville Sloths,Kalamunda Hillbillies,1.0
48,False,Scarbara Kadabra,Swanbourne Sand People,1.0
49,False,Perth City Puck Pirates,South Perth Sam's Green Eggs and Ham,1.0
50,False,West Stirling Banjo Breakers,Rocko's Modern Rollers,1.0
51,False,Karrakatta Grim Jobs,Doubleview Double Yewws,1.0
52,False,Hungry Spot Heroes,Bicton Four 'n Twenty,1.0
53,False,Lake Mongrels,Nedlands Flanders,1.0
54,False,Innaloominati,Inglewood Coldcuts,1.0
55,False,Maylands Muthapuckas,Rollerburger Leedervillains,1.0
57,True,Dianella Demons,Hyde Park Hacks,1.0
58,False,Dog Swamp Swamp Dogs,50 Shades of Graylands,1.0
59,False,South Perth Shakas,St James Addictions,1.0
60,False,Yokine Reservoir Dogs,Subiaco Silkworms,1.0
61,False,Swan View Draught,South Perth Major Blazers,1.0
62,False,Swanbourne Nudists,Whitfords City Turbo Tuggers,1.0
63,False,Swanbourne Sand People,Scarborough Scar Bros,1.0
64,False,Canning Bridge Trolls,Como At Me Bro,1.0
65,False,Claremont Cereal Killahs,Hillarys Humpbacks,1.0
66,False,How Much Wood Would A Parkwood Park If A Parkwood Could Park Wood,Heathcote Hangers,1.0
67,False,GMLA Angels,Black Wall Reach Arounds,1.0
68,False,Ocean Beef,Wembley Food Courts,1.0
69,True,Mindarie molotovs,Morley Puck Troopers,1.0
70,False,The Swanbourne Identity,Mullaloozers,1.0
71,False,GMLA Guardians,Greenmount Doom,1.0
72,False,Mosman Mooseknuckles,Northbridge MDM8'S,1.0
73,False,Balcatta Bandits,Bicton Banter Lords,1.0
74,False,Churchlands Hellraisers,Bayswater Croquet Club,1.0
75,False,Como Mo Co,K-Town Cooks,1.0
76,False,Patrick Bateman,Burswood 6100s,1.0
77,False,Mount Lawless,Mt Pleasant Mounties,1.0
78,False,North Perth Bald Beavers,GMLA Jurassic Pucks,1.0
79,False,Morning Brentwood,Labia Menora Explorers,1.0
80,False,City Beach Kooks,Booragoonbagz,1.0
81,False,Dalkeith Dalqueefs,Perth City Puck Pirates,1.0
82,False,Stirling From the Bottom Now We're Here,East Freo Bae Blades,1.0
83,False,Rocko Rodents,Get Bentley,1.0
84,False,Perth Glory Holes,High Gates,1.0
85,False,Riverton Regretzkys,Marmion Mighty Drunks,1.0
86,False,Mörley Crüe,Kalamunda Hillbillies,1.0
87,False,Scarbara Kadabra,Freo Dirty Dog Beachers,1.0
88,False,Bayslaughter House 5,Stoneville Sloths,1.0
89,False,Leeming Chin,Rottnest Holy Quokkamoles,1.0
90,True,Roleystone Henges,North Beach Bearded Clams,1.0
91,False,Shannon Nollamaras,Yokine Drugs n' Crime,1.0
92,False,You Used to Como on my Cell Phone,South Perth Sam's Green Eggs and Ham,1.0
93,False,Stirling Archers,Jason Alexander Heights,1.0
94,False,Salter Point Pint Sucklers,Fremantle Metropolis Double Blacks,1.0
95,False,Balingup Bruisers,Mount Hawt'n'horny,1.0
96,False,Bedford Rave Lords,Bayswater Barracudas,1.0
97,True,Westeros Perth R'hllors,Wilson Castaways,1.0
98,False,Wembley Blue Light Discos,Vic Park Vanguards,1.0
99,False,Manning Manchilds,Murray Street Tramps,1.0
100,False,Dalkeith Urban's,U.S.S.R,1.0
101,False,Patrick Bateman,Balcatta Bandits,1.0
102,False,Nedlands Flanders,Perth City Puck Pirates,1.0
103,False,Karrakatta Grim Jobs,Wembley Food Courts,1.0
104,True,Kensington Kermits,Black Wall Reach Arounds,1.0
105,False,Bayswater Croquet Club,Northbridge MDM8'S,1.0
106,False,Bayslaughter House 5,Bayswater Barracudas,1.0
107,False,City Beach Kooks,Stirling Archers,1.0
108,False,Churchlands Hellraisers,Burswood 6100s,1.0
109,False,GMLA Angels,Dog Swamp Swamp Dogs,1.0
110,False,Labia Menora Explorers,GMLA Guardians,1.0
111,False,50 Shades of Graylands,Bicton Four 'n Twenty,1.0
112,False,Bicton Banter Lords,K-Town Cooks,1.0
113,False,Jason Alexander Heights,Kalamunda Hillbillies,1.0
114,False,Lake Mongrels,Leeming Chin,1.0
115,False,Mörley Crüe,Shannon Nollamaras,1.0
116,False,Wembley Blue Light Discos,Scarbara Kadabra,1.0
117,False,The Swanbourne Identity,Claremont Cereal Killahs,1.0
118,False,Freo Dirty Dog Beachers,East Freo Bae Blades,1.0
119,False,Get Bentley,Fremantle Metropolis Double Blacks,1.0
120,False,Palmyra Puck Patrol,Booragoonbagz,1.0
121,False,Marmion Mighty Drunks,Murray Street Tramps,1.0
122,False,How Much Wood Would A Parkwood Park If A Parkwood Could Park Wood,Rocko's Modern Rollers,1.0
123,True,Dalkeith Urban's,You Used To Como On My Cell Phone,1.0
124,False,Canning Bridge Trolls,Yokine Reservoir Dogs,1.0
125,False,Como Mo Co,Morning Brentwood,1.0
126,False,Mindarie molotovs,Maylands Muthapuckas,1.0
127,False,North Beach Bearded Clams,Mount Hawt'n'horny,1.0
128,False,U.S.S.R,Yokine Drugs n' Crime,1.0
129,False,Rollerburger Leedervillains,Greenmount Doom,1.0
130,False,Roleystone Henges,Stoneville Sloths,1.0
131,False,Rottnest Holy Quokkamoles,Swanbourne Sand People,1.0
132,False,Swan View Draught,Salter Point Pint Sucklers,1.0
133,False,Balingup Bruisers,South Perth Sam's Green Eggs and Ham,1.0
134,False,Ocean Beef,Hungry Spot Heroes,1.0
135,False,Dalkeith Dalqueefs,High Gates,1.0
136,False,Wilson Castaways,Bedford Rave Lords,1.0
137,False,Morley Puck Troopers,Doubleview Double Yewws,1.0
138,False,Mt Pleasant Mounties,Mosman Mooseknuckles,1.0
139,False,Mullaloozers,North Perth Bald Beavers,1.0
140,False,Inglewood Coldcuts,Como At Me Bro,1.0
141,False,Dianella Demons,Innaloominati,1.0
142,False,Riverton Regretzkys,Vic Park Vanguards,1.0
143,False,Perth Glory Holes,GMLA Jurassic Pucks,1.0
144,False,South Perth Major Blazers,Rocko Rodents,1.0
145,False,Heathcote Hangers,St James Addictions,1.0
146,False,West Stirling Banjo Breakers,Hillarys Humpbacks,1.0
147,False,Whitfords City Turbo Tuggers,Scarborough Scar Bros,1.0
148,False,Stirling From the Bottom Now We're Here,Westeros Perth R'hllors,1.0
149,False,South Perth Shakas,Swanbourne Nudists,1.0
150,False,Subiaco Silkworms,Hyde Park Hacks,1.0
151,False,Mount Lawless,Manning Manchilds,1.0
152,False,Kensington Kermits,South Perth Shakas,1.0
153,False,Greenmount Doom,Swan View Draught,1.0
154,False,Patrick Bateman,Canning Bridge Trolls,1.0
155,False,Mörley Crüe,North Beach Bearded Clams,1.0
156,False,GMLA Angels,The Swanbourne Identity,1.0
157,False,Karrakatta Grim Jobs,Claremont Cereal Killahs,1.0
158,False,Balcatta Bandits,Morning Brentwood,1.0
159,False,Scarbara Kadabra,Marmion Mighty Drunks,1.0
160,False,Freo Dirty Dog Beachers,Bedford Rave Lords,1.0
161,False,Yokine Reservoir Dogs,North Perth Bald Beavers,1.0
162,False,Maylands Muthapuckas,South Perth Major Blazers,1.0
163,False,Dalkeith Dalqueefs,Wilson Castaways,1.0
164,False,Riverton Regretzkys,Black Wall Reach Arounds,1.0
165,False,50 Shades of Graylands,Dianella Demons,1.0
166,False,Bayswater Barracudas,Roleystone Henges,1.0
167,False,Como Mo Co,Churchlands Hellraisers,1.0
168,False,You Used To Como On My Cell Phone,Yokine Drugs n' Crime,1.0
169,False,Mt Pleasant Mounties,Bayswater Croquet Club,1.0
170,False,Labia Menora Explorers,Doubleview Double Yewws,1.0
171,False,Hungry Spot Heroes,Lake Mongrels,1.0
172,False,Wembley Blue Light Discos,Inglewood Coldcuts,1.0
173,False,Balingup Bruisers,Dalkeith Urban's,1.0
174,False,City Beach Kooks,Stirling From The Bottom Now We're Here,1.0
175,True,Bayslaughter House 5,High Gates,1.0
176,False,Rollerburger Leedervillains,Swanbourne Nudists,1.0
177,False,Shannon Nollamaras,Stirling Archers,1.0
178,False,Northbridge MDM8's,Ocean Beef,1.0
179,False,Morley Puck Troopers,Bicton Banter Lords,1.0
180,False,Mindarie Molotovs,Manning Manchilds,1.0
181,False,Get Bentley,Westeros Perth R'hllors,1.0
182,False,Stoneville Sloths,Rottnest Holy Quokkamoles,1.0
183,False,How Much Wood Would A Parkwood Park If A Parkwood Could Park Wood,Whitfords City Turbo Tuggers,1.0
184,False,Leeming Chin,U.S.S.R,1.0
185,False,Heathcote Hangers,Como At Me Bro,1.0
186,False,Mount Lawless,K-Town Cooks,1.0
187,False,Mosman Mooseknuckles,Subiaco Silkworms,1.0
188,False,Palmyra Puck Patrol,Rocko Rodents,1.0
189,False,Scarborough Scar Bros,Jason Alexander Heights,1.0
190,False,Perth Glory Holes,Swanbourne Sand People,1.0
191,False,Salter Point Pint Sucklers,Rocko's Modern Rollers,1.0
192,False,Hyde Park Hacks,Hillarys Humpbacks,1.0
193,False,West Stirling Banjo Breakers,Dog Swamp Swamp Dogs,1.0
194,False,GMLA Guardians,Burswood 6100s,1.0
195,False,Nedlands Flanders,Kalamunda Hillbillies,1.0
197,False,Booragoonbagz,Fremantle Metropolis Double Blacks,1.0
198,False,St James Addictions,Bicton Four 'n Twenty,1.0
199,False,Mount Hawt'n'horny,South Perth Sam's Green Eggs and Ham,1.0
200,False,Perth City Puck Pirates,East Freo Bae Blades,1.0
201,False,Mullaloozers,Wembley Food Courts,1.0
202,False,Innaloominati,GMLA Jurassic Pucks,1.0
203,False,Balcatta Bandits,Mosman Mooseknuckles,1.0
204,False,Get Bentley,Dalkeith Urban's,1.0
205,False,Fremantle Metropolis Double Blacks,Mount Hawt'n'horny,1.0
206,False,Stoneville Sloths,Leeming Chin,1.0
207,False,Perth City Puck Pirates,U.S.S.R,1.0
209,False,Lake Mongrels,Yokine Drugs n' Crime,1.0
210,False,50 Shades of Graylands,Hillarys Humpbacks,1.0
211,False,Dianella Demons,Dog Swamp Swamp Dogs,1.0
212,False,Doubleview Double Yewws,Whitfords City Turbo Tuggers,1.0
213,False,GMLA Jurassic Pucks,Bayswater Barracudas,1.0
214,False,West Stirling Banjo Breakers,Jason Alexander Heights,1.0
215,False,Northbridge MDM8'S,Hungry Spot Heroes,1.0
216,False,Perth Glory Holes,Rocko Rodents,1.0
217,False,Rocko's Modern Rollers,Kalamunda Hillbillies,1.0
218,False,South Perth Major Blazers,Palmyra Puck Patrol,1.0
219,False,Wilson Castaways,Stirling Archers,1.0
220,False,GMLA Angels,Morning Brentwood,1.0
221,False,K-Town Cooks,Manning Manchilds,1.0
222,False,Mindarie molotovs,Mt Pleasant Mounties,1.0
223,False,Churchlands Hellraisers,South Perth Shakas,1.0
224,False,Wembley Food Courts,Swanbourne Nudists,1.0
225,False,Swan View Draught,Kensington Kermits,1.0
226,False,Riverton Regretzkys,Canning Bridge Trolls,1.0
227,False,Ocean Beef,Yokine Reservoir Dogs,1.0
228,False,The Swanbourne Identity,Rollerburger Leedervillains,1.0
229,False,Patrick Bateman,Bicton Banter Lords,1.0
230,False,Karrakatta Grim Jobs,Mullaloozers,1.0
231,False,Maylands Muthapuckas,Bedford Rave Lords,1.0
232,True,Bayswater Croquet Club,How Much Wood Would A Parkwood Park If A Parkwood Could Park Wood,1.0
233,False,Black Wall Reach Arounds,Bayslaughter House 5,1.0
234,False,Burswood 6100s,Claremont Cereal Killahs,1.0
235,False,City Beach Kooks,Como At Me Bro,1.0
236,False,Mount Lawless,Como Mo Co,1.0
238,False,Greenmount Doom,Labia Menora Explorers,1.0
239,False,Murray Street Tramps,Balingup Bruisers,1.0
240,False,Dalkeith Dalqueefs,Roleystone Henges,1.0
241,False,Rottnest Holy Quokkamoles,You Used To Como On My Cell Phone,1.0
242,True,Swanbourne Sand People,Shannon Nollamaras,1.0
243,False,South Perth Sam's Green Eggs and Ham,East Freo Bae Blades,1.0
244,True,Bicton Four 'n Twenty,Freo Dirty Dog Beachers,1.0
245,False,Subiaco Silkworms,Wembley Blue Light Discos,1.0
246,False,Nedlands Flanders,Booragoonbagz,1.0
247,False,Hyde Park Hacks,St James Addictions,1.0
248,False,Inglewood Coldcuts,High Gates,1.0
249,False,Scarborough Scar Bros,Scarbara Kadabra,1.0
250,False,Salter Point Pint Sucklers,North Beach Bearded Clams,1.0
252,False,Innaloominati,Stirling From the Bottom Now We're Here,1.0
253,False,Heathcote Hangers,Marmion Mighty Drunks,1.0
255,False,Balcatta Bandits,Rollerburger Leedervillains,1.0
256,False,Mörley Crüe,U.S.S.R,1.0
257,False,Patrick Bateman,Morley Puck Troopers,1.0
258,False,Riverton Regretzkys,Kensington Kermits,1.0
259,False,Wembley Food Courts,West Stirling Banjo Breakers,1.0
260,False,South Perth Shakas,Dianella Demons,1.0
261,False,Greenmount Doom,How Much Wood Would A Parkwood Park If A Parkwood Could Park Wood,1.0
262,True,Freo Dirty Dog Beachers,Como At Me Bro,1.0
263,False,Labia Menora Explorers,Canning Bridge Trolls,1.0
264,False,Swan View Draught,Black Wall Reach Arounds,1.0
265,False,Wembley Blue Light Discos,Leeming Chin,1.0
266,False,Churchlands Hellraisers,Bicton Banter Lords,1.0
267,False,The Swanbourne Identity,Burswood 6100s,1.0
268,False,Mindarie molotovs,Whitfords City Turbo Tuggers,1.0
269,False,Yokine Reservoir Dogs,50 Shades of Graylands,1.0
270,True,Perth City Puck Pirates,Scarbara Kadabra,1.0
271,False,Bayswater Croquet Club,Doubleview Double Yewws,1.0
272,False,High Gates,Bayswater Barracudas,1.0
273,False,Palmyra Puck Patrol,City Beach Kooks,1.0
274,False,Hungry Spot Heroes,South Perth Major Blazers,1.0
275,True,North Beach Bearded Clams,Dalkeith Urban's,1.0
276,False,Yokine Drugs n' Crime,East Freo Bae Blades,1.0
277,False,Stoneville Sloths,South Perth Sam's Green Eggs and Ham,1.0
278,False,You Used To Como On My Cell Phone,Balingup Bruisers,1.0
281,False,Innaloominati,Jason Alexander Heights,1.0
282,False,Bayslaughter House 5,Hillarys Humpbacks,1.0
283,False,Como Mo Co,Mt Pleasant Mounties,1.0
284,False,Claremont Cereal Killahs,GMLA Angels,1.0
285,False,Dog Swamp Swamp Dogs,Dalkeith Dalqueefs,1.0
286,True,Bicton Four 'n Twenty,Lake Mongrels,1.0
288,False,Booragoonbagz,Roleystone Henges,1.0
289,False,Swanbourne Sand People,Mount Hawt'n'horny,1.0
290,False,Murray Street Tramps,Get Bentley,1.0
291,False,Nedlands Flanders,Shannon Nollamaras,1.0
292,False,Mount Lawless,Heathcote Hangers,1.0
293,False,K-Town Cooks,Hyde Park Hacks,1.0
294,False,North Perth Bald Beavers,Manning Manchilds,1.0
295,False,Maylands Muthapuckas,Inglewood Coldcuts,1.0
296,False,Mosman Mooseknuckles,Stirling Archers,1.0
297,False,Morning Brentwood,Subiaco Silkworms,1.0
298,False,Northbridge MDM8'S,GMLA Jurassic Pucks,1.0
299,False,Salter Point Pint Sucklers,Marmion Mighty Drunks,1.0
300,False,Scarborough Scar Bros,Rocko's Modern Rollers,1.0
301,False,St James Addictions,Rocko Rodents,1.0
302,False,Swanbourne Nudists,Westeros Perth R'hllors,1.0
303,False,Wilson Castaways,Perth Glory Holes,1.0
304,False,Rottnest Holy Quokkamoles,Stirling From the Bottom Now We're Here,1.0
305,False,West Stirling Banjo Breakers,Mörley Crüe,1.0
307,False,Stirling From the Bottom Now We're Here,Nedlands Flanders,1.0
308,False,Mt Pleasant Mounties,Claremont Cereal Killahs,1.0
309,False,Karrakatta Grim Jobs,Riverton Regretzkys,1.0
310,False,Patrick Bateman,GMLA Angels,1.0
311,False,Balcatta Bandits,Churchlands Hellraisers,1.0
312,False,City Beach Kooks,North Beach Bearded Clams,1.0
313,False,Wembley Food Courts,Dianella Demons,1.0
314,False,Heathcote Hangers,Freo Dirty Dog Beachers,1.0
315,False,Rollerburger Leedervillains,Kensington Kermits,1.0
316,False,Greenmount Doom,South Perth Shakas,1.0
317,False,Swan View Draught,Wembley Blue Light Discos,1.0
318,False,Mindarie molotovs,Como Mo Co,1.0
319,False,The Swanbourne Identity,Northbridge MDM8'S,1.0
320,False,How Much Wood Would A Parkwood Park If A Parkwood Could Park Wood,Bayslaughter House 5,1.0
321,False,Innaloominati,Yokine Reservoir Dogs,1.0
322,False,Bayswater Barracudas,Rottnest Holy Quokkamoles,1.0
323,False,Canning Bridge Trolls,50 Shades of Graylands,1.0
324,False,Palmyra Puck Patrol,Scarbara Kadabra,1.0
325,False,K-Town Cooks,Salter Point Pint Sucklers,1.0
326,False,Leeming Chin,South Perth Major Blazers,1.0
327,False,Dalkeith Dalqueefs,Shannon Nollamaras,1.0
328,False,Morley Puck Troopers,Scarborough Scar Bros,1.0
329,False,Hyde Park Hacks,Balingup Bruisers,1.0
330,False,Doubleview Double Yewws,Inglewood Coldcuts,1.0
331,False,Mullaloozers,Maylands Muthapuckas,1.0
332,False,Morning Brentwood,Hungry Spot Heroes,1.0
333,False,Bedford Rave Lords,Booragoonbagz,1.0
334,False,Stoneville Sloths,You Used To Como On My Cell Phone,1.0
336,False,North Perth Bald Beavers,Perth City Puck Pirates,1.0
337,False,Murray Street Tramps,U.S.S.R,1.0
338,False,Perth Glory Holes,Roleystone Henges,1.0
339,True,Wilson Castaways,High Gates,1.0
340,False,Bicton Banter Lords,Black Wall Reach Arounds,1.0
341,False,Lake Mongrels,Westeros Perth R'hllors,1.0
342,False,Labia Menora Explorers,Burswood 6100s,1.0
343,False,Jason Alexander Heights,Yokine Drugs n' Crime,1.0
344,False,Get Bentley,GMLA Jurassic Pucks,1.0
346,False,Manning Manchilds,Subiaco Silkworms,1.0
347,False,Swanbourne Nudists,Marmion Mighty Drunks,1.0
348,False,Hillarys Humpbacks,St James Addictions,1.0
349,False,Bicton Four 'n Twenty,Como At Me Bro,1.0
350,False,Fremantle Metropolis Double Blacks,Dalkeith Urban's,1.0
351,False,Mosman Mooseknuckles,Ocean Beef,1.0
352,False,East Freo Bae Blades,Mount Hawt'n'horny,1.0
353,False,Kalamunda Hillbillies,South Perth Sam's Green Eggs and Ham,1.0
354,False,Dog Swamp Swamp Dogs,Whitfords City Turbo Tuggers,1.0
355,False,Rocko's Modern Rollers,Rocko Rodents,1.0
356,False,Swanbourne Sand People,Stirling Archers,1.0
357,False,Greenmount Doom,Karrakatta Grim Jobs,1.0
358,False,Riverton Regretzkys,West Stirling Banjo Breakers,1.0
359,False,Patrick Bateman,Mindarie molotovs,1.0
360,False,City Beach Kooks,Nedlands Flanders,1.0
361,False,The Swanbourne Identity,Churchlands Hellraisers,1.0
362,False,Dianella Demons,Mörley Crüe,1.0
363,False,Dalkeith Dalqueefs,North Beach Bearded Clams,1.0
364,False,Hungry Spot Heroes,Freo Dirty Dog Beachers,1.0
365,False,How Much Wood Would A Parkwood Park If A Parkwood Could Park Wood,Palmyra Puck Patrol,1.0
366,False,Balcatta Bandits,GMLA Angels,1.0
367,False,Swan View Draught,Mount Lawless,1.0
368,False,Como Mo Co,Heathcote Hangers,1.0
370,False,Bayslaughter House 5,Yokine Reservoir Dogs,1.0
371,False,Mosman Mooseknuckles,Scarborough Scar Bros,1.0
373,False,Scarbara Kadabra,Balingup Bruisers,1.0
374,False,Innaloominati,Hyde Park Hacks,1.0
375,True,Kensington Kermits,Wembley Blue Light Discos,1.0
376,False,Leeming Chin,You Used To Como On My Cell Phone,1.0
377,False,Wembley Food Courts,Hillarys Humpbacks,1.0
378,False,Bicton Banter Lords,Morning Brentwood,1.0
379,False,North Perth Bald Beavers,Rottnest Holy Quokkamoles,1.0
380,False,Northbridge MDM8'S,50 Shades of Graylands,1.0
381,False,Canning Bridge Trolls,Get Bentley,1.0
382,True,Bayswater Croquet Club,Morley Puck Troopers,1.0
383,False,Maylands Muthapuckas,Ocean Beef,1.0
384,False,Perth Glory Holes,South Perth Major Blazers,1.0
385,False,High Gates,Shannon Nollamaras,1.0
386,False,Stoneville Sloths,Dalkeith Urban's,1.0
387,False,Mullaloozers,Inglewood Coldcuts,1.0
388,False,Claremont Cereal Killahs,Bedford Rave Lords,1.0
389,False,GMLA Guardians,Mt Pleasant Mounties,1.0
390,False,Doubleview Double Yewws,Yokine Drugs n' Crime,1.0
391,False,Manning Manchilds,Swanbourne Nudists,1.0
392,False,U.S.S.R,Booragoonbagz,1.0
393,False,Bayswater Barracudas,Murray Street Tramps,1.0
394,False,Como At Me Bro,Perth City Puck Pirates,1.0
395,False,Roleystone Henges,Westeros Perth R'hllors,1.0
396,False,Bicton Four 'n Twenty,Wilson Castaways,1.0
397,False,Lake Mongrels,Stirling From the Bottom Now We're Here,1.0
398,False,Black Wall Reach Arounds,Burswood 6100s,1.0
399,False,Labia Menora Explorers,GMLA Jurassic Pucks,1.0
400,False,Marmion Mighty Drunks,St James Addictions,1.0
402,False,Subiaco Silkworms,Mount Hawt'n'horny,1.0
403,False,Jason Alexander Heights,Swanbourne Sand People,1.0
404,False,Dog Swamp Swamp Dogs,Rocko Rodents,1.0
405,False,Whitfords City Turbo Tuggers,Rocko's Modern Rollers,1.0
408,True,Stirling From The Bottom Now We're Here,You Used To Como On My Cell Phone,1.0
409,False,The Swanbourne Identity,Patrick Bateman,1.0
410,False,Karrakatta Grim Jobs,City Beach Kooks,1.0
411,False,Maylands Muthapuckas,Riverton Regretzkys,1.0
412,False,Greenmount Doom,West Stirling Banjo Breakers,1.0
413,False,Palmyra Puck Patrol,Bayslaughter House 5,1.0
414,False,Balcatta Bandits,Mindarie molotovs,1.0
416,False,Swan View Draught,Mörley Crüe,1.0
418,False,Hungry Spot Heroes,Heathcote Hangers,1.0
419,False,Churchlands Hellraisers,Mosman Mooseknuckles,1.0
420,False,Yokine Reservoir Dogs,How Much Wood Would A Parkwood Park If A Parkwood Could Park Wood,1.0
421,False,GMLA Angels,Freo Dirty Dog Beachers,1.0
422,False,50 Shades of Graylands,Perth City Puck Pirates,1.0
423,False,Rottnest Holy Quokkamoles,Wilson Castaways,1.0
424,False,Bayswater Croquet Club,Scarborough Scar Bros,1.0
426,False,North Beach Bearded Clams,North Perth Bald Beavers,1.0
427,False,K-Town Cooks,Mullaloozers,1.0
428,False,Hyde Park Hacks,High Gates,1.0
429,False,Kensington Kermits,Scarbara Kadabra,1.0
430,False,Wembley Blue Light Discos,Balingup Bruisers,1.0
431,True,Rollerburger Leedervillains,Claremont Cereal Killahs,1.0
432,False,Morning Brentwood,Canning Bridge Trolls,1.0
433,False,Innaloominati,Shannon Nollamaras,1.0
434,False,Leeming Chin,Get Bentley,1.0
435,False,Morley Puck Troopers,Northbridge MDM8'S,1.0
436,False,Wembley Food Courts,Subiaco Silkworms,1.0
438,False,Dianella Demons,Murray Street Tramps,1.0
439,False,Bedford Rave Lords,U.S.S.R,1.0
440,False,Bicton Four 'n Twenty,South Perth Major Blazers,1.0
442,False,Swanbourne Sand People,Dalkeith Urban's,1.0
443,False,Swanbourne Nudists,Stoneville Sloths,1.0
444,False,Doubleview Double Yewws,Manning Manchilds,1.0
445,False,Inglewood Coldcuts,Yokine Drugs n' Crime,1.0
446,False,Roleystone Henges,Fremantle Metropolis Double Blacks,1.0
447,False,Bayswater Barracudas,Jason Alexander Heights,1.0
448,False,Dog Swamp Swamp Dogs,Lake Mongrels,1.0
449,False,Como At Me Bro,South Perth Sam's Green Eggs and Ham,1.0
450,False,Labia Menora Explorers,Black Wall Reach Arounds,1.0
453,False,St James Addictions,Westeros Perth R'hllors,1.0
454,False,Marmion Mighty Drunks,Hillarys Humpbacks,1.0
455,False,Whitfords City Turbo Tuggers,Burswood 6100s,1.0
456,False,Kalamunda Hillbillies,Stirling Archers,1.0
457,False,East Freo Bae Blades,Rocko's Modern Rollers,1.0
458,False,Mount Hawt'n'horny,Rocko Rodents,1.0
459,False,Patrick Bateman,Karrakatta Grim Jobs,1.0
460,False,The Swanbourne Identity,Maylands Muthapuckas,1.0
461,False,Como Mo Co,Riverton Regretzkys,1.0
462,False,Balcatta Bandits,Greenmount Doom,1.0
464,False,Swan View Draught,Dalkeith Dalqueefs,1.0
465,False,Mindarie molotovs,West Stirling Banjo Breakers,1.0
466,False,Churchlands Hellraisers,Wembley Food Courts,1.0
467,False,Mörley Crüe,North Perth Bald Beavers,1.0
468,False,Bayslaughter House 5,Heathcote Hangers,1.0
469,False,Palmyra Puck Patrol,Stoneville Sloths,1.0
470,False,Freo Dirty Dog Beachers,North Beach Bearded Clams,1.0
471,False,Claremont Cereal Killahs,Scarbara Kadabra,1.0
472,False,Mosman Mooseknuckles,How Much Wood Would A Parkwood Park If A Parkwood Could Park Wood,1.0
473,False,Hyde Park Hacks,Salter Point Pint Sucklers,1.0
474,False,Hungry Spot Heroes,Labia Menora Explorers,1.0
475,False,Morning Brentwood,Mullaloozers,1.0
478,False,Get Bentley,Nedlands Flanders,1.0
479,True,Leeming Chin,50 Shades of Graylands,1.0
480,False,Yokine Reservoir Dogs,Perth City Puck Pirates,1.0
482,False,Wilson Castaways,You Used To Como On My Cell Phone,1.0
483,False,GMLA Guardians,K-Town Cooks,1.0
485,False,Dog Swamp Swamp Dogs,High Gates,1.0
487,False,Wembley Blue Light Discos,Swanbourne Nudists,1.0
489,False,Morley Puck Troopers,Rollerburger Leedervillains,1.0
490,False,Rottnest Holy Quokkamoles,Balingup Bruisers,1.0
491,False,Canning Bridge Trolls,Murray Street Tramps,1.0
492,False,Burswood 6100s,Mt Pleasant Mounties,1.0
494,False,Subiaco Silkworms,U.S.S.R,1.0
495,False,Bedford Rave Lords,South Perth Major Blazers,1.0
496,False,Como At Me Bro,Swanbourne Sand People,1.0
497,True,Shannon Nollamaras,GMLA Jurassic Pucks,1.0
498,False,Booragoonbagz,Dalkeith Urban's,1.0
499,False,Black Wall Reach Arounds,Marmion Mighty Drunks,1.0
500,False,Bayswater Barracudas,Yokine Drugs n' Crime,1.0
501,False,Doubleview Double Yewws,Westeros Perth R'hllors,1.0
502,False,Inglewood Coldcuts,Hillarys Humpbacks,1.0
503,False,Whitfords City Turbo Tuggers,Fremantle Metropolis Double Blacks,1.0
504,False,Rocko's Modern Rollers,Jason Alexander Heights,1.0
506,False,Stirling Archers,Mount Hawt'n'horny,1.0
507,False,Kalamunda Hillbillies,Rocko Rodents,1.0
508,False,Roleystone Henges,East Freo Bae Blades,1.0
509,False,St James Addictions,South Perth Sam's Green Eggs and Ham,1.0
510,True,North Beach Bearded Clams,Yokine Drugs n' Crime,1.0
511,False,Kalamunda Hillbillies,Mount Hawt'n'horny,1.0
512,False,Wembley Food Courts,Northbridge MDM8'S,1.0
513,False,Marmion Mighty Drunks,Perth City Puck Pirates,1.0
514,True,Greenmount Doom,Mosman Mooseknuckles,1.0
515,False,Inglewood Coldcuts,Subiaco Silkworms,1.0
516,False,Hyde Park Hacks,GMLA Jurassic Pucks,1.0
517,False,Labia Menora Explorers,Hillarys Humpbacks,1.0
518,False,Innaloominati,Nedlands Flanders,1.0
519,False,Leeming Chin,Shannon Nollamaras,1.0
520,True,Manning Manchilds,St James Addictions,1.0
521,False,South Perth Major Blazers,South Perth Shakas,1.0
522,False,Lake Mongrels,North Perth Bald Beavers,1.0
523,False,Balingup Bruisers,Stirling From the Bottom Now We're Here,1.0
524,True,Bicton Banter Lords,Riverton Regretzkys,1.0
525,False,Maylands Muthapuckas,City Beach Kooks,1.0
526,False,How Much Wood Would A Parkwood Park If A Parkwood Could Park Wood,Claremont Cereal Killahs,1.0
527,False,Bedford Rave Lords,Jason Alexander Heights,1.0
529,False,Fremantle Metropolis Double Blacks,South Perth Sam's Green Eggs and Ham,1.0
530,False,Yokine Reservoir Dogs,East Freo Bae Blades,1.0
531,False,Balcatta Bandits,The Swanbourne Identity,1.0
532,False,GMLA Angels,GMLA Guardians,1.0
533,False,Morley Puck Troopers,Mt Pleasant Mounties,1.0
534,False,Wembley Blue Light Discos,Dalkeith Dalqueefs,1.0
535,False,Patrick Bateman,Churchlands Hellraisers,1.0
536,True,Karrakatta Grim Jobs,Canning Bridge Trolls,1.0
537,True,Palmyra Puck Patrol,Mörley Crüe,1.0
538,False,Como Mo Co,Swan View Draught,1.0
539,False,Bayslaughter House 5,Swanbourne Sand People,1.0
540,False,Kensington Kermits,Freo Dirty Dog Beachers,1.0
541,False,Mullaloozers,Ocean Beef,1.0
543,False,K-Town Cooks,West Stirling Banjo Breakers,1.0
544,False,Mindarie molotovs,Rollerburger Leedervillains,1.0
546,False,Rottnest Holy Quokkamoles,Roleystone Henges,1.0
547,False,Scarbara Kadabra,50 Shades of Graylands,1.0
548,False,Bicton Four 'n Twenty,Bayswater Barracudas,1.0
549,False,High Gates,Whitfords City Turbo Tuggers,1.0
550,False,Bayswater Croquet Club,Burswood 6100s,1.0
551,False,Dianella Demons,U.S.S.R,1.0
552,False,Como At Me Bro,Dalkeith Urban's,1.0
553,False,Stoneville Sloths,Get Bentley,1.0
554,False,Black Wall Reach Arounds,Doubleview Double Yewws,1.0
555,False,Salter Point Pint Sucklers,Booragoonbagz,1.0
556,False,You Used To Como On My Cell Phone,Perth Glory Holes,1.0
557,False,Swanbourne Nudists,Stirling Archers,1.0
558,False,Wilson Castaways,Rocko's Modern Rollers,1.0
559,False,Westeros Perth R'hllors,Rocko Rodents,1.0
561,False,Maylands Muthapuckas,Yokine Reservoir Dogs,1.0
563,True,Bicton Banter Lords,Greenmount Doom,1.0
564,False,GMLA Jurassic Pucks,Inglewood Coldcuts,1.0
565,False,Northbridge MDM8's,GMLA Angels,1.0
566,False,Bicton Four 'n Twenty,Leeming Chin,1.0
567,False,Murray Street Tramps,Fremantle Metropolis Double Blacks,1.0
568,False,Claremont Cereal Killahs,Innaloominati,1.0
569,False,Morley Puck Troopers,Labia Menora Explorers,1.0
570,False,How Much Wood Would A Parkwood Park If A Parkwood Could Park Wood,Manning Manchilds,1.0
572,False,Dog Swamp Swamp Dogs,North Perth Bald Beavers,1.0
573,False,South Perth Sam's Green Eggs and Ham,South Perth Major Blazers,1.0
574,False,Bedford Rave Lords,Stirling From the Bottom Now We're Here,1.0
575,False,Subiaco Silkworms,City Beach Kooks,1.0
576,False,Lake Mongrels,Jason Alexander Heights,1.0
577,True,Como Mo Co,Balcatta Bandits,1.0
578,False,Swan View Draught,K-Town Cooks,1.0
580,False,Patrick Bateman,Morning Brentwood,1.0
581,False,Black Wall Reach Arounds,Mörley Crüe,1.0
582,False,Karrakatta Grim Jobs,Vic Park Vanguards,1.0
583,False,Riverton Regretzkys,Dalkeith Dalqueefs,1.0
585,False,Palmyra Puck Patrol,East Freo Bae Blades,1.0
586,False,Bayslaughter House 5,Mosman Mooseknuckles,1.0
587,False,Mullaloozers,Kensington Kermits,1.0
588,False,Mount Lawless,Hyde Park Hacks,1.0
589,False,High Gates,Stoneville Sloths,1.0
590,False,Salter Point Pint Sucklers,Freo Dirty Dog Beachers,1.0
591,False,Canning Bridge Trolls,Hungry Spot Heroes,1.0
592,False,Rollerburger Leedervillains,West Stirling Banjo Breakers,1.0
593,False,Mindarie molotovs,Bayswater Croquet Club,1.0
594,False,Heathcote Hangers,Get Bentley,1.0
596,False,50 Shades of Graylands,North Beach Bearded Clams,1.0
597,True,Kalamunda Hillbillies,You Used To Como On My Cell Phone,1.0
598,False,Como At Me Bro,South Perth Shakas,1.0
599,False,St James Addictions,Dianella Demons,1.0
600,False,Perth City Puck Pirates,Ocean Beef,1.0
601,False,Scarborough Scar Bros,Doubleview Double Yewws,1.0
602,False,Swanbourne Nudists,Hillarys Humpbacks,1.0
603,False,Balingup Bruisers,Booragoonbagz,1.0
604,False,Burswood 6100s,Marmion Mighty Drunks,1.0
605,False,Roleystone Henges,Mount Hawt'n'horny,1.0
606,False,Rocko's Modern Rollers,Shannon Nollamaras,1.0
607,False,Stirling Archers,Bayswater Barracudas,1.0
608,False,Swanbourne Sand People,U.S.S.R,1.0
609,False,Wilson Castaways,Dalkeith Urban's,1.0
610,False,Rottnest Holy Quokkamoles,Yokine Drugs n' Crime,1.0
611,False,Whitfords City Turbo Tuggers,Rocko Rodents,1.0
